metric,value
accuracy,0.8903333333333333
precision_per_tag,0.5072039953837004
recall_per_tag,0.47399802862183166
f1_per_tag,0.4844321524717782
f1_weighted,0.8695535833535382
